Contract,total_customers,churn_rate,avg_monthly_charges,avg_tenure
Month-to-month,3875,0.4271,66.39849032258064,18.036645161290323
One year,1473,0.1127,65.04860828241684,42.044806517311606
Two year,1695,0.0283,60.770412979351036,56.73510324483776
