PaymentMethod,total_customers,churn_rate,avg_total_charges
Bank transfer (automatic),1544,0.1671,3079.299546044099
Credit card (automatic),1522,0.1524,3071.396022353714
Electronic check,2365,0.4529,2090.8681818181817
Mailed check,1612,0.1911,1054.48391521197
