{
  "0": {
    "precision": 0.9055690072639225,
    "recall": 0.7227053140096619,
    "f1-score": 0.8038688876947877,
    "support": 1035.0
  },
  "1": {
    "precision": 0.5077186963979416,
    "recall": 0.7914438502673797,
    "f1-score": 0.6185997910135841,
    "support": 374.0
  },
  "accuracy": 0.7409510290986515,
  "macro avg": {
    "precision": 0.7066438518309321,
    "recall": 0.7570745821385207,
    "f1-score": 0.7112343393541859,
    "support": 1409.0
  },
  "weighted avg": {
    "precision": 0.7999650212711072,
    "recall": 0.7409510290986515,
    "f1-score": 0.754691710861026,
    "support": 1409.0
  }
}