{
  "0": {
    "precision": 0.9062901155327343,
    "recall": 0.6821256038647343,
    "f1-score": 0.7783902976846747,
    "support": 1035.0
  },
  "1": {
    "precision": 0.4777777777777778,
    "recall": 0.8048128342245989,
    "f1-score": 0.599601593625498,
    "support": 374.0
  },
  "accuracy": 0.7146912704045423,
  "macro avg": {
    "precision": 0.6920339466552561,
    "recall": 0.7434692190446666,
    "f1-score": 0.6889959456550864,
    "support": 1409.0
  },
  "weighted avg": {
    "precision": 0.7925473090598076,
    "recall": 0.7146912704045423,
    "f1-score": 0.7309332534560501,
    "support": 1409.0
  }
}