{
  "0": {
    "precision": 0.8381294964028777,
    "recall": 0.9004830917874396,
    "f1-score": 0.8681881695388914,
    "support": 1035.0
  },
  "1": {
    "precision": 0.6531986531986532,
    "recall": 0.5187165775401069,
    "f1-score": 0.5782414307004471,
    "support": 374.0
  },
  "accuracy": 0.7991483321504613,
  "macro avg": {
    "precision": 0.7456640748007655,
    "recall": 0.7095998346637733,
    "f1-score": 0.7232148001196692,
    "support": 1409.0
  },
  "weighted avg": {
    "precision": 0.7890421043813164,
    "recall": 0.7991483321504613,
    "f1-score": 0.7912257278599857,
    "support": 1409.0
  }
}