{
  "0": {
    "precision": 0.9300998573466477,
    "recall": 0.629951690821256,
    "f1-score": 0.7511520737327189,
    "support": 1035.0
  },
  "1": {
    "precision": 0.4590395480225989,
    "recall": 0.8689839572192514,
    "f1-score": 0.600739371534196,
    "support": 374.0
  },
  "accuracy": 0.6933995741660752,
  "macro avg": {
    "precision": 0.6945697026846233,
    "recall": 0.7494678240202537,
    "f1-score": 0.6759457226334574,
    "support": 1409.0
  },
  "weighted avg": {
    "precision": 0.8050632670789442,
    "recall": 0.6933995741660752,
    "f1-score": 0.7112270555480151,
    "support": 1409.0
  }
}