{
  "0": {
    "precision": 0.8959276018099548,
    "recall": 0.7652173913043478,
    "f1-score": 0.8254299114121939,
    "support": 1035.0
  },
  "1": {
    "precision": 0.5371428571428571,
    "recall": 0.7540106951871658,
    "f1-score": 0.6273637374860956,
    "support": 374.0
  },
  "accuracy": 0.7622427253371186,
  "macro avg": {
    "precision": 0.716535229476406,
    "recall": 0.7596140432457568,
    "f1-score": 0.7263968244491448,
    "support": 1409.0
  },
  "weighted avg": {
    "precision": 0.8006930421893057,
    "recall": 0.7622427253371186,
    "f1-score": 0.7728559234431657,
    "support": 1409.0
  }
}