{
  "0": {
    "precision": 0.9086357947434293,
    "recall": 0.7014492753623188,
    "f1-score": 0.7917121046892039,
    "support": 1035.0
  },
  "1": {
    "precision": 0.4934426229508197,
    "recall": 0.8048128342245989,
    "f1-score": 0.6117886178861789,
    "support": 374.0
  },
  "accuracy": 0.7288857345635202,
  "macro avg": {
    "precision": 0.7010392088471245,
    "recall": 0.7531310547934589,
    "f1-score": 0.7017503612876914,
    "support": 1409.0
  },
  "weighted avg": {
    "precision": 0.7984283807970588,
    "recall": 0.7288857345635202,
    "f1-score": 0.7439538477237452,
    "support": 1409.0
  }
}