{
  "0": {
    "precision": 0.9357541899441341,
    "recall": 0.6473429951690821,
    "f1-score": 0.7652769845802398,
    "support": 1035.0
  },
  "1": {
    "precision": 0.4733044733044733,
    "recall": 0.8770053475935828,
    "f1-score": 0.6148078725398313,
    "support": 374.0
  },
  "accuracy": 0.7083037615330021,
  "macro avg": {
    "precision": 0.7045293316243036,
    "recall": 0.7621741713813325,
    "f1-score": 0.6900424285600355,
    "support": 1409.0
  },
  "weighted avg": {
    "precision": 0.8130031650873327,
    "recall": 0.7083037615330021,
    "f1-score": 0.7253369931656815,
    "support": 1409.0
  }
}